Index,Mairie,Mail
0,ABLEIGES,mairie.ableiges95@wanadoo.fr
1,AINCOURT,mairie.aincourt@wanadoo.fr
2,AMBLEVILLE,mairie.ambleville@wanadoo.fr
3,AMENUCOURT,mairie.amenucourt@wanadoo.fr
4,ANDILLY,mairie.andilly@wanadoo.fr
5,ARGENTEUIL,christian.bournery@ville-argenteuil.fr
6,ARNOUVILLE LES GONESSE,webmaster@villedarnouville.com
7,ARRONVILLE,arronville@wanadoo.fr
8,ARTHIES,mairie-arthies-95@wanadoo.fr
9,ASNIERES SUR OISE,herve.pellin@ville-asnieres-sur-oise.fr
10,ATTAINVILLE,mairie@attainville.fr
11,AUVERS SUR OISE,communication@auvers-sur-oise.com
12,AVERNES,mairie.avernes@orange.fr
13,BAILLET EN FRANCE,info@baillet-en-france.fr
14,BANTHELU,mairie.banthelu@wanadoo.fr
15,BEAUCHAMP,accueil-mairie@ville-beauchamp.fr
16,BEAUMONT SUR OISE,beaumont.sg@wanadoo.fr
17,BELLEFONTAINE,mairiebellefontaine2@wanadoo.fr
18,BELLOY EN FRANCE,secretariat@mairie-belloy-en-france.fr
19,BERNES SUR OISE,mairiebernes@wanadoo.fr
20,BERVILLE,mairie.de.berville@wanadoo.fr
21,BESSANCOURT,melody.quesnel@ville-bessancourt.fr
22,BETHEMONT LA FORET,mairie.bethemont-laforet@wanadoo.fr
23,BEZONS,courrier@mairie-bezons.fr
24,BOISEMONT,commune.boisemont@wanadoo.fr
25,BOISSY L AILLERIE,mairie.boissy-laillerie@wanadoo.fr
26,BONNEUIL EN FRANCE,bonneuil-en-france95@orange.fr
27,BOUFFEMONT,info@ville-bouffemont.fr
28,BOUQUEVAL,mairiebouqueval@wanadoo.fr
29,BRAY ET LU,mairie.brayetlu@wanadoo.fr
30,BREANCON,mairie.breancon@wanadoo.fr
31,BRIGNANCOURT,brignancourt@wanadoo.fr
32,BRUYERES SUR OISE,mairie.bruyeres.sur.oise@wanadoo.fr
33,BUHY,mairie.buhy@wanadoo.fr
34,BUTRY SUR OISE,mairiedebutrysuroise@wanadoo.fr
35,CERGY,contact@ville-cergy.fr
36,CHAMPAGNE SUR OISE,cjacqueline@villedechampagne.fr 
37,CHARMONT,mairie.charmont@wanadoo.fr
38,CHARS,mairie.chars@wanadoo.fr
39,CHATENAY EN FRANCE,""
40,CHAUMONTEL,mairie.chaumontel@wanadoo.fr
41,CHAUSSY,mairie.chaussy@wanadoo.fr
42,CHAUVRY,mairie.de.chauvry@wanadoo.fr
43,CHENNEVIERES LES LOUVRES,mairie.chennevieres@wanadoo.fr
44,CHERENCE,mairie.cherence@wanadoo.fr
45,CLERY EN VEXIN,commune-de-clery@wanadoo.fr
46,COMMENY,mairiecommeny@wanadoo.fr
47,CONDECOURT,mairie.condecourt@wanadoo.fr
48,CORMEILLES EN PARISIS,contact@ville-cormeilles95.fr
49,CORMEILLES EN VEXIN,mairie-cormeillesenvexin@wanadoo.fr
50,COURCELLES SUR VIOSNE,mairie-courcellessurviosne95@wanadoo.fr
51,COURDIMANCHE,communication@ville-courdimanche.fr
52,DEUIL LA BARRE,accueil@mairie-deuillabarre.fr
53,DOMONT,mairiedomont@magic.fr
54,EAUBONNE,information@eaubonne.fr
55,ECOUEN,contact@ecouen.fr
56,ENGHIEN LES BAINS,direction.generale@enghien95.fr
57,ENNERY,mairie@ennery.fr
58,EPIAIS LES LOUVRES,mairieepiais-leslouvres@wanadoo.fr
59,EPIAIS RHUS,mairie.epiais-rhus@wanadoo.fr
60,EPINAY CHAMPLATREUX,mairie.ep.champlatreux@wanadoo.fr
61,ERAGNY SUR OISE,bureauetconseil@eragny.fr
62,ERMONT,mairie@ville-ermont.fr
63,EZANVILLE,secret.mairie@ezanville.fr
64,FONTENAY EN PARISIS,mairiefontenay@roissy-online.com
65,FOSSES,contact@ville-fosses95.fr
66,FRANCONVILLE,Communication@ville-franconville.fr
67,FREMAINVILLE,fremainville-mairie@wanadoo.fr
68,FREMECOURT,mairiefremecourt@orange.fr
69,FREPILLON,mairie@frepillon.fr
70,FROUVILLE,mairie-frouville95@wanadoo.fr
71,GADANCOURT,mairie-gadancourt@orange.fr
72,GARGES LES GONESSE,communication@villedegarges.com
73,GENAINVILLE,mairie-genainville@wanadoo.fr
74,GENICOURT,mairie.genicourt@wanadoo.fr
75,GONESSE,contact@villaeroport.org
76,GOUSSAINVILLE,maire@ville-goussainville.fr
77,GOUZANGREZ,mairiedegouzangrez@orange.fr
78,GRISY LES PLATRES,""
79,GROSLAY,assistante_du_maire@mairie-groslay.fr 
80,GUIRY EN VEXIN,mairie.guiry-en-vexin@wanadoo.fr
81,HARAVILLIERS,commune.haravilliers@orange.fr
82,HAUTE ISLE,mairie-hauteisle@wanadoo.fr
83,HEDOUVILLE,mairie-hedouville@wanadoo.fr
84,HERBLAY,mairie@herblay.fr
85,HEROUVILLE,mairie@herouville-en-vexin.net
86,HODENT,mairie.hodent@orange.fr
87,JAGNY SOUS BOIS,mairie.jagny-sous-bois@wanadoo.fr
88,JOUY LE MOUTIER,secretariatgeneral@jouylemoutier.fr
89,LABBEVILLE,mairie@labbeville.fr
90,LA CHAPELLE EN VEXIN,la-chapelle-en-vexin@wanadoo.fr
91,LA FRETTE SUR SEINE,mairie@ville-la-frette95.fr
92,LA ROCHE GUYON,mairie.larocheguyon@wanadoo.fr
93,LASSY,""
94,LE BELLAY EN VEXIN,mairie.bellay@wanadoo.fr
95,LE HEAULME,mairie.le.heaulme@cegetel.net
96,LE MESNIL AUBRY,mairie.mesnil-aubry@wanadoo.fr
97,LE PERCHAY,mairie.leperchay@wanadoo.fr
98,LE PLESSIS BOUCHARD,mairie@ville-le-plessis-bouchard.fr
99,LE PLESSIS GASSOT,le.plessis.gassot@wanadoo.fr
100,LE PLESSIS LUZARCHES,mairieplessisluzarches@orange.fr
101,LE THILLAY,p.bezillot@mairie-le-thillay.fr
102,L ISLE ADAM,m.martin@ville-isle-adam.fr
103,LIVILLIERS,mairie-de-livilliers@wanadoo.fr
104,LONGUESSE,mairie.longuesse@orange.fr
105,LOUVRES,communication@ville-louvres.fr
106,LUZARCHES,v.coquillard@luzarches.net
107,MAFFLIERS,mairie-maffliers@wanadoo.fr
108,MAGNY EN VEXIN,mairie@magny-en-vexin.fr
109,MAREIL EN FRANCE,mairie.mareil.france@wanadoo.fr
110,MARGENCY,info@mairie-margency.fr
111,MARINES,mairie.marines@wanadoo.fr
112,MARLY LA VILLE,""
113,MAUDETOUR EN VEXIN,mairie.maudetour@wanadoo.fr
114,MENOUVILLE,""
115,MENUCOURT,communication@menucourt.fr
116,MERIEL,accueil.mairie@ville-de-meriel.fr
117,MERY SUR OISE,services.administratifs@merysuroise.fr
118,MOISSELLES,mairie.moisselles@orange.fr
119,MONTGEROULT,mairie-de-montgeroult@wanadoo.fr
120,MONTIGNY LES CORMEILLES,communication@ville-montigny95.fr
121,MONTLIGNON,mairie.montlignon@wanadoo.fr
122,MONTMAGNY,communication@ville-montmagny.fr
123,MONTMORENCY,directiongenerale@ville-montmorency.fr
124,MONTREUIL SUR EPTE,mairiemontreuilept@orange.fr
125,MONTSOULT,mairie-montsoult@wanadoo.fr
126,MOURS,secretaire.mairie.mours@wanadoo.fr
127,MOUSSY,mairie.de.st.denis.catus@wanadoo.fr
128,NERVILLE LA FORET,mairie-nerville95@wanadoo.fr
129,NESLES LA VALLEE,pontenay@wanadoo.fr
130,NEUILLY EN VEXIN,""
131,NEUVILLE SUR OISE,affgenerales@neuville-sur-oise.fr
132,NOINTEL,nointel-mairie@wanadoo.fr
133,NOISY SUR OISE,mairie.de.noisy.sur.oise@wanadoo.fr
134,NUCOURT,mairie.nucourt@wanadoo.fr
135,OMERVILLE,Mairie.omerville@orange.fr
136,OSNY,communication@ville-osny.fr
137,PARMAIN,communication@ville-parmain.fr
138,PERSAN,mairie@ville-persan.fr
139,PIERRELAYE,mairie@ville-pierrelaye.fr
140,PISCOP,mairie.piscop@wanadoo.fr
141,PONTOISE,mairie@ville-pontoise.fr
142,PRESLES,mairie@ville-presles.fr
143,PUISEUX EN FRANCE,vsimil@roissy-online.com
144,PUISEUX PONTOISE,mairie.puiseux-pontoise.95@wanadoo.fr
145,ROISSY EN FRANCE,accueil@ville-roissy95.fr
146,RONQUEROLLES,mairie.ronquerolles95@wanadoo.fr
147,SAGY,mairie.sagy@wanadoo.fr
148,SAINT BRICE SOUS FORET,info@saintbrice95.fr
149,SAINT CLAIR SUR EPTE,mairie-stclairsurepte@orange.fr
150,SAINT CYR EN ARTHIES,mairie.stcyrenarthies@wanadoo.fr
151,SAINT GERVAIS,mairie.saintgervais@wanadoo.fr
152,SAINT GRATIEN,info@mairie-saintgratien.fr
153,SAINT LEU LA FORET,mairie@saint-leu-la-foret.fr
154,SAINT MARTIN DU TERTRE,mairiesaintmartindutertre@wanadoo.fr
155,SAINT OUEN L AUMONE,courrier@ville-saintouenlaumone.fr
156,SAINT PRIX,communication@saintprix.fr
157,SAINT WITZ,mairie@saint-witz.fr
158,SANNOIS,secretariat.general@sannois.org
159,SANTEUIL,mairie@santeuil95.fr
160,SARCELLES,comsarcelles@yahoo.fr
161,SERAINCOURT,mairie.seraincourt95@wanadoo.fr
162,SEUGY,mairie.seugy@wanadoo.fr
163,SOISY SOUS MONTMORENCY,mairie@soisy-sous-montmorency.fr
164,SURVILLIERS,vincent@roissy-online.com
165,TAVERNY,mairie@ville-taverny.fr
166,THEMERICOURT,mairie.themericourt@wanadoo.fr
167,THEUVILLE,mairie.theuville.mts@wanadoo.fr
168,US,mairie.us.95@wanadoo.fr
169,VALLANGOUJARD,secretariat@vallangoujard.fr
170,VALMONDOIS,mairievalmondois@gmail.com
171,VAUDHERLAND,""
172,VAUREAL,communication@mairie-vaureal.fr
173,VEMARS,sandrine_ravenel@yahoo.fr
174,VETHEUIL,mairiedevetheuil@orange.fr
175,VIARMES,ville-viarmes@wanadoo.fr
176,VIENNE EN ARTHIES,mairie.viennearthies@wanadoo.fr
177,VIGNY,mairie.vigny@wanadoo.fr
178,VILLAINES SOUS BOIS,mairie@villaines-sous-bois.fr
179,VILLERON,accueilvilleron@roissy-online.com
180,VILLERS EN ARTHIES,mairie.villers@free.fr
181,VILLIERS ADAM,mairie.villiersadam@wanadoo.fr
182,VILLIERS LE BEL,secretariatgeneral@ville-villiers-le-bel.fr
183,VILLIERS LE SEC,mairie.villiers-le-sec@wanadoo.fr
184,WY DIT JOLI VILLAGE,mairie.wy-dit-joli-village@wanadoo.fr
